RMSE,MAE,Precision@10,Recall@10,Hit_Count,Total_Evaluated
0.8072442724265495,0.5788379927158356,0.0022,0.02,22,1000
